method,precision,recall,f1,accuracy
tfidf,0.06000000000000001,0.15,0.08571428571428572,0.3
bert,0.06000000000000001,0.15,0.08571428571428572,0.3
